<?xml version="1.0" encoding="UTF-8"?>
<root>
    <bathrooms>
        <n35237 type="number">1.0</n35237>
        <n32238 type="number">3.0</n32238>
        <n44699 type="number">nan</n44699>
    </bathrooms>
    <price>
        <n35237 type="number">7020000.0</n35237>
        <n32238 type="number">10000000.0</n32238>
        <n44699 type="number">4128000.0</n44699>
    </price>
    <property_id>
        <n35237 type="number">35237.0</n35237>
        <n32238 type="number">32238.0</n32238>
        <n44699 type="number">44699.0</n44699>
    </property_id>
</root>